frame_idx,id,label,confidence,x1,y1,x2,y2,center_x,unity_x,unity_z
70,1,Bollard,0.169,954.7,712.4,1045.5,1174.8,1000.1,3.41,8.01
70,2,Bollard,0.112,417.2,642.3,583.3,1323.1,500.3,-0.29,7.12
76,1,Bollard,0.314,934.3,676.8,1041.7,1144.6,988.0,3.32,8.19
77,1,Bollard,0.273,926.3,691.5,1044.7,1161.8,985.5,3.3,8.08
77,2,Person,0.134,923.3,664.4,1042.4,1166.7,982.9,3.28,8.06
152,1,Person,0.26,835.9,545.5,1036.6,1101.5,936.2,2.93,8.44
153,1,Person,0.27,831.5,549.9,1036.5,1109.6,934.0,2.92,8.4
154,1,Person,0.174,833.5,524.8,1036.0,1108.6,934.7,2.92,8.4
154,2,Person,0.13,838.8,775.2,1030.0,1100.4,934.4,2.92,8.45
155,1,Person,0.302,842.8,527.3,1032.5,1096.0,937.6,2.95,8.48
156,1,Person,0.279,858.0,474.8,1034.7,1068.5,946.3,3.01,8.64
157,6,Person,0.409,860.3,470.6,1033.1,1050.8,946.7,3.01,8.74
158,6,Person,0.261,870.8,483.0,1036.2,1039.0,953.5,3.06,8.82
159,1,Person,0.155,892.3,449.0,1042.1,1032.0,967.2,3.16,8.86
160,1,Bollard,0.119,921.2,695.1,1038.7,1024.0,979.9,3.26,8.9
186,1,Person,0.126,840.0,660.9,1010.9,1035.5,925.4,2.85,8.84
197,1,Person,0.24,878.9,662.3,1036.5,1138.8,957.7,3.09,8.22
198,1,Person,0.29,924.0,649.0,1041.6,1091.2,982.8,3.28,8.5
247,1,Bollard,0.131,853.7,676.7,1037.0,1604.7,945.3,3.0,5.45
248,1,Bollard,0.114,872.2,649.8,1035.9,1572.1,954.0,3.07,5.64
259,1,Person,0.182,664.6,552.6,834.8,1007.9,749.7,1.55,9.0
268,1,Bollard,0.135,936.2,599.6,1041.9,1008.6,989.1,3.33,9.0
274,1,Person,0.101,761.2,536.1,966.5,1049.2,863.8,2.4,8.75
276,1,Person,0.146,817.5,529.2,1026.5,1065.1,922.0,2.83,8.66
281,1,Bollard,0.219,117.8,881.4,203.0,974.5,160.4,-2.81,9.2
287,1,Bollard,0.272,2.5,746.4,133.2,1379.2,67.8,-3.5,6.79
290,1,Person,0.12,811.0,489.2,1025.2,1088.6,918.1,2.8,8.52
291,1,Person,0.104,804.9,487.0,1027.0,1074.0,915.9,2.78,8.61
292,1,Person,0.182,773.7,483.3,1000.7,1070.8,887.2,2.57,8.63
295,1,Person,0.137,749.5,488.0,975.0,1091.3,862.3,2.39,8.5
296,1,Person,0.136,752.7,481.0,977.9,1091.3,865.3,2.41,8.5
317,1,Bollard,0.259,890.1,598.0,1036.8,1231.0,963.4,3.14,7.67
317,2,Person,0.121,703.4,697.5,769.4,823.8,736.4,1.45,10.1
318,1,Bollard,0.292,894.4,588.6,1038.9,1252.9,966.7,3.16,7.54
319,1,Bollard,0.267,897.3,567.2,1041.2,1252.1,969.2,3.18,7.55
320,1,Bollard,0.218,891.5,586.8,1039.7,1242.8,965.6,3.15,7.6
321,1,Bollard,0.252,892.8,561.1,1042.5,1231.3,967.6,3.17,7.67
324,1,Bike,0.14,907.4,574.3,1047.4,1240.1,977.4,3.24,7.62
324,2,Person,0.102,906.6,533.2,1043.8,1250.4,975.2,3.22,7.56
325,1,Bollard,0.291,882.4,573.9,1041.4,1272.7,961.9,3.13,7.42
326,1,Bollard,0.107,864.0,570.3,1035.4,1270.9,949.7,3.03,7.44
327,1,Bollard,0.198,893.0,526.0,1041.2,1250.4,967.1,3.16,7.56
335,1,Bollard,0.268,958.5,526.3,1043.6,944.2,1001.1,3.42,9.38
335,2,Bollard,0.265,626.4,822.4,755.5,1214.0,691.0,1.12,7.77
337,1,Bollard,0.175,672.9,815.5,798.3,1257.1,735.6,1.45,7.52
351,1,Person,0.125,458.0,690.4,561.2,949.5,509.6,-0.23,9.35
356,1,Person,0.323,403.0,651.1,516.8,925.9,459.9,-0.59,9.49
357,1,Person,0.106,388.0,611.9,505.2,907.5,446.6,-0.69,9.6
358,1,Person,0.179,375.3,612.5,495.9,904.6,435.6,-0.77,9.62
360,1,Person,0.209,357.2,616.7,477.5,914.2,417.3,-0.91,9.56
361,1,Person,0.166,346.9,605.5,472.1,906.7,409.5,-0.97,9.6
363,1,Bollard,0.207,48.3,885.7,192.8,1362.8,120.6,-3.11,6.89
363,2,Person,0.129,301.6,613.9,426.5,933.4,364.0,-1.3,9.44
364,21,Bollard,0.537,37.8,876.4,185.7,1364.8,111.7,-3.17,6.88
365,1,Bollard,0.252,26.1,814.4,172.2,1369.1,99.1,-3.27,6.85
366,21,Bollard,0.579,21.7,819.1,188.5,1373.5,105.1,-3.22,6.82
367,21,Bollard,0.617,17.4,807.0,188.8,1381.9,103.1,-3.24,6.77
368,1,Bollard,0.284,32.8,827.8,155.9,1387.5,94.4,-3.3,6.74
368,2,Bollard,0.126,687.8,606.3,831.6,1496.5,759.7,1.63,6.09
369,1,Bollard,0.354,35.6,883.3,131.5,1408.4,83.6,-3.38,6.62
370,1,Bollard,0.176,37.0,883.3,126.8,1401.0,81.9,-3.39,6.66
371,1,Bollard,0.295,35.6,876.5,122.4,1405.1,79.0,-3.42,6.64
372,1,Bollard,0.176,33.4,889.5,119.5,1425.5,76.4,-3.43,6.51
373,1,Bollard,0.102,682.8,673.3,844.3,1570.3,763.6,1.66,5.65
374,1,Bollard,0.131,689.3,655.9,849.7,1601.1,769.5,1.7,5.47
376,1,Person,0.117,207.9,645.0,354.7,1004.6,281.3,-1.92,9.02
377,1,Bollard,0.271,18.1,945.4,117.4,1351.5,67.8,-3.5,6.96
377,2,Person,0.214,203.6,643.1,344.1,1004.5,273.8,-1.97,9.02
377,3,Bollard,0.132,704.0,580.9,885.9,1671.7,794.9,1.89,5.05
378,1,Person,0.334,212.3,646.6,351.0,1010.3,281.6,-1.91,8.99
379,1,Person,0.367,233.3,636.6,368.5,1009.8,300.9,-1.77,8.99
379,2,Bollard,0.23,11.4,835.3,145.5,1531.1,78.4,-3.42,5.89
380,1,Person,0.157,252.8,641.0,388.8,1022.2,320.8,-1.62,8.92
381,1,Person,0.135,251.5,638.8,388.6,1024.3,320.1,-1.63,8.9
382,1,Person,0.298,246.1,629.2,385.1,1020.4,315.6,-1.66,8.93
383,1,Person,0.245,252.1,614.3,395.6,1013.8,323.8,-1.6,8.97
384,32,Person,0.421,264.3,601.0,410.5,1007.5,337.4,-1.5,9.0
385,32,Person,0.301,280.6,585.4,430.3,1001.2,355.5,-1.37,9.04
386,1,Person,0.228,307.9,587.1,460.7,1003.6,384.3,-1.15,9.03
387,32,Person,0.468,317.9,591.9,471.4,1017.9,394.7,-1.08,8.94
388,32,Person,0.225,329.3,599.6,486.0,1035.1,407.6,-0.98,8.84
389,32,Person,0.129,340.5,603.0,500.8,1048.4,420.7,-0.88,8.76
390,1,Bollard,0.438,47.0,996.4,227.4,1415.5,137.2,-2.98,6.57
390,2,Person,0.183,359.2,614.4,511.5,1042.7,435.4,-0.78,8.79
391,34,Bollard,0.505,56.8,991.8,238.4,1413.9,147.6,-2.91,6.58
391,32,Person,0.486,371.1,609.4,530.6,1054.1,450.8,-0.66,8.73
392,34,Bollard,0.544,54.8,993.4,238.8,1421.6,146.8,-2.91,6.54
392,32,Person,0.473,376.2,612.2,536.1,1058.3,456.2,-0.62,8.7
393,34,Bollard,0.585,51.1,1000.9,236.5,1433.7,143.8,-2.93,6.47
393,32,Person,0.398,371.6,618.9,533.5,1070.5,452.5,-0.65,8.63
394,32,Person,0.438,370.4,628.2,533.1,1081.8,451.8,-0.65,8.56
395,32,Person,0.425,374.1,635.3,537.9,1092.0,456.0,-0.62,8.5
395,34,Bollard,0.453,91.1,1113.1,228.3,1434.4,159.7,-2.82,6.46
396,32,Person,0.295,378.2,624.6,546.8,1095.0,462.5,-0.57,8.48
397,32,Person,0.519,376.7,597.1,549.4,1078.6,463.1,-0.57,8.58
398,32,Person,0.511,375.9,565.4,552.4,1057.6,464.2,-0.56,8.7
399,32,Person,0.54,388.1,546.0,566.8,1043.5,477.5,-0.46,8.79
400,1,Person,0.243,411.8,536.0,597.6,1043.7,504.7,-0.26,8.79
401,32,Person,0.326,421.0,545.3,606.9,1059.9,514.0,-0.19,8.69
402,32,Person,0.385,426.4,567.5,612.7,1080.8,519.5,-0.15,8.57
403,1,Person,0.261,406.5,589.3,607.0,1113.3,506.7,-0.25,8.37
404,32,Person,0.395,421.8,578.4,614.0,1108.2,517.9,-0.16,8.4
405,32,Person,0.243,430.4,568.1,628.0,1113.6,529.2,-0.08,8.37
406,32,Person,0.291,435.0,533.6,641.2,1101.9,538.1,-0.01,8.44
407,32,Person,0.531,442.1,505.8,652.5,1088.1,547.3,0.05,8.52
408,32,Person,0.117,443.6,502.5,653.4,1083.5,548.5,0.06,8.55
410,1,Person,0.246,415.3,502.2,629.9,1104.1,522.6,-0.13,8.43
411,32,Person,0.298,426.1,488.6,647.3,1101.3,536.7,-0.02,8.44
412,1,Person,0.21,416.2,472.0,645.0,1103.0,530.6,-0.07,8.43
421,1,Person,0.101,344.1,496.6,593.2,1234.1,468.6,-0.53,7.65
423,1,Person,0.198,382.4,449.0,661.1,1233.4,521.8,-0.14,7.66
424,1,Person,0.151,385.9,463.3,664.2,1268.5,525.0,-0.11,7.45
435,1,Person,0.327,276.7,342.1,600.0,1505.9,438.4,-0.75,6.04
435,2,Bollard,0.171,386.3,926.1,577.4,1487.5,481.8,-0.43,6.15
436,1,Bollard,0.159,373.5,951.7,565.5,1503.9,469.5,-0.52,6.05
437,1,Bollard,0.588,344.3,920.1,523.7,1526.4,434.0,-0.79,5.91
438,1,Bollard,0.434,304.9,925.6,496.2,1556.8,400.5,-1.03,5.73
439,1,Bollard,0.121,258.4,942.0,482.2,1586.1,370.3,-1.26,5.56
475,1,Bollard,0.149,94.7,776.9,251.1,1152.1,172.9,-2.72,8.14
534,1,Bollard,0.138,149.0,1078.5,216.0,1184.5,182.5,-2.65,7.95
541,1,Person,0.131,101.1,595.8,305.5,1163.0,203.3,-2.49,8.08
557,1,Bollard,0.124,170.1,833.5,340.6,1153.5,255.4,-2.11,8.13
564,1,Bollard,0.143,200.4,863.9,315.6,1150.9,258.0,-2.09,8.15
567,1,Person,0.165,185.5,629.6,379.9,1166.1,282.7,-1.91,8.06
576,1,Bollard,0.141,134.9,798.8,286.7,1094.3,210.8,-2.44,8.49
577,1,Bollard,0.111,128.9,791.4,284.6,1098.4,206.7,-2.47,8.46
578,1,Bollard,0.122,118.5,783.4,278.2,1103.1,198.3,-2.53,8.43
591,1,Bollard,0.136,106.8,907.3,284.3,1195.3,195.5,-2.55,7.89
592,1,Bollard,0.238,117.8,871.6,296.8,1185.3,207.3,-2.46,7.94
593,1,Person,0.109,109.3,660.5,305.2,1172.9,207.2,-2.46,8.02
595,1,Bollard,0.129,146.4,844.0,274.6,1139.6,210.5,-2.44,8.22
598,1,Bollard,0.107,200.0,847.6,322.6,1136.5,261.3,-2.06,8.24
604,1,Person,0.122,238.3,602.2,414.4,1102.6,326.3,-1.58,8.44
605,1,Person,0.306,240.6,583.0,416.1,1086.2,328.3,-1.57,8.53
606,1,Person,0.148,235.6,548.2,409.0,1067.6,322.3,-1.61,8.65
608,1,Person,0.107,239.7,586.4,411.5,1079.0,325.6,-1.59,8.58
609,1,Person,0.179,241.1,587.3,403.5,1085.2,322.3,-1.61,8.54
614,1,Bollard,0.106,207.5,833.4,335.7,1119.6,271.6,-1.99,8.34
623,1,Person,0.335,136.6,702.3,313.6,1192.0,225.1,-2.33,7.9
625,1,Person,0.258,115.6,688.2,298.0,1191.5,206.8,-2.47,7.91
626,47,Person,0.367,112.9,665.3,297.7,1175.3,205.3,-2.48,8.0
627,47,Bollard,0.104,143.7,823.4,272.8,1176.5,208.3,-2.46,8.0
628,1,Person,0.208,115.4,715.7,291.8,1204.2,203.6,-2.49,7.83
628,2,Bollard,0.138,118.7,794.9,286.9,1204.1,202.8,-2.5,7.83
629,1,Person,0.308,111.7,718.2,288.5,1218.7,200.1,-2.52,7.75
629,2,Bollard,0.135,114.8,760.8,281.2,1216.2,198.0,-2.53,7.76
630,1,Person,0.273,94.1,712.0,270.5,1226.0,182.3,-2.65,7.7
630,2,Bollard,0.248,103.8,927.6,251.8,1225.2,177.8,-2.68,7.71
631,51,Bollard,0.358,93.3,915.7,247.4,1225.8,170.3,-2.74,7.7
632,51,Bollard,0.263,106.1,915.2,253.9,1212.5,180.0,-2.67,7.78
633,1,Bollard,0.121,219.9,864.8,281.2,1129.2,250.6,-2.14,8.28
634,1,Bollard,0.292,224.6,868.5,289.2,1132.5,256.9,-2.1,8.26
635,1,Person,0.4,137.4,658.5,298.4,1183.5,217.9,-2.39,7.96
636,51,Person,0.514,96.0,676.4,340.0,1177.1,218.0,-2.39,7.99
637,1,Person,0.288,143.7,663.7,311.9,1168.1,227.8,-2.31,8.05
638,1,Person,0.218,159.4,656.5,327.8,1157.4,243.6,-2.2,8.11
639,1,Person,0.108,170.5,681.0,334.2,1158.9,252.3,-2.13,8.1
641,1,Person,0.101,171.0,673.7,332.9,1163.1,251.9,-2.13,8.08
650,1,Person,0.205,194.8,644.7,357.1,1145.6,275.9,-1.96,8.18
657,1,Person,0.104,128.2,593.7,303.1,1112.4,215.6,-2.4,8.38
660,1,Bollard,0.278,365.2,801.0,406.1,886.0,385.6,-1.14,9.73
662,1,Bollard,0.135,90.8,834.9,238.0,1149.8,164.4,-2.78,8.16
664,1,Bollard,0.144,105.5,889.7,233.0,1187.6,169.2,-2.75,7.93
665,1,Bollard,0.192,107.1,896.2,230.9,1188.8,169.0,-2.75,7.92
666,1,Bollard,0.137,102.2,899.3,220.0,1199.2,161.1,-2.81,7.86
667,1,Bollard,0.177,364.1,867.8,405.4,951.1,384.8,-1.15,9.34
667,2,Bollard,0.135,106.3,918.2,214.9,1203.2,160.6,-2.81,7.84
668,1,Person,0.14,105.7,727.1,287.0,1161.8,196.4,-2.55,8.08
669,1,Person,0.117,109.9,727.0,286.2,1180.0,198.0,-2.53,7.98
677,1,Person,0.258,90.5,683.5,255.2,1150.8,172.9,-2.72,8.15
678,1,Person,0.12,93.9,697.4,253.0,1150.1,173.4,-2.72,8.15
680,1,Bollard,0.2,127.0,870.6,269.1,1152.4,198.1,-2.53,8.14
694,1,Person,0.139,140.8,685.2,298.4,1132.3,219.6,-2.37,8.26
695,1,Person,0.134,129.2,665.2,294.9,1120.4,212.1,-2.43,8.33
695,2,Bollard,0.108,134.6,835.1,288.6,1119.8,211.6,-2.43,8.33
697,1,Bollard,0.173,122.8,825.7,277.4,1107.9,200.1,-2.52,8.41
697,2,Bollard,0.119,373.3,807.7,405.4,895.1,389.4,-1.12,9.67
698,1,Bollard,0.183,115.7,844.4,250.4,1115.6,183.0,-2.64,8.36
699,1,Bollard,0.244,109.7,851.9,247.1,1128.8,178.4,-2.68,8.28
700,1,Bollard,0.25,108.8,857.5,254.2,1143.8,181.5,-2.66,8.19
701,1,Bollard,0.186,101.0,878.2,245.2,1167.2,173.1,-2.72,8.05
701,2,Person,0.146,94.0,709.3,266.3,1162.8,180.1,-2.67,8.08
702,1,Bollard,0.266,107.2,898.0,246.2,1185.1,176.7,-2.69,7.95
704,1,Bollard,0.103,116.2,888.2,257.0,1170.6,186.6,-2.62,8.03
710,1,Person,0.193,132.6,745.5,297.6,1195.6,215.1,-2.41,7.88
711,1,Person,0.154,138.3,762.4,298.2,1184.8,218.3,-2.38,7.95
711,2,Bollard,0.151,149.0,885.9,298.0,1178.4,223.5,-2.34,7.99
715,1,Bollard,0.182,187.3,890.4,323.6,1169.2,255.4,-2.11,8.04
716,1,Bollard,0.206,199.8,886.4,334.8,1168.1,267.3,-2.02,8.05
720,1,Bollard,0.123,204.2,873.1,334.9,1167.5,269.6,-2.0,8.05
728,1,Bollard,0.106,224.2,845.0,372.2,1119.9,298.2,-1.79,8.33
731,1,Bollard,0.13,212.9,800.5,371.7,1085.6,292.3,-1.83,8.54
733,1,Bollard,0.266,204.5,828.8,354.6,1082.3,279.6,-1.93,8.56
736,1,Person,0.115,138.7,636.2,316.6,1088.2,227.6,-2.31,8.52
737,1,Person,0.153,136.4,636.8,311.4,1083.5,223.9,-2.34,8.55
738,1,Bollard,0.104,143.8,781.2,293.5,1085.2,218.6,-2.38,8.54
740,1,Bollard,0.185,313.7,782.6,358.5,903.3,336.1,-1.51,9.62
741,1,Bollard,0.111,298.7,810.4,346.2,923.0,322.5,-1.61,9.51
741,2,Person,0.105,84.5,669.7,251.4,1108.2,167.9,-2.76,8.4
741,3,Bollard,0.102,95.6,781.8,245.4,1115.5,170.5,-2.74,8.36
743,1,Person,0.145,101.1,717.5,269.9,1138.1,185.5,-2.63,8.23
746,1,Person,0.318,87.6,704.4,261.5,1129.9,174.5,-2.71,8.27
747,1,Person,0.256,96.1,725.8,266.0,1146.2,181.0,-2.66,8.18
747,2,Bollard,0.146,311.6,861.4,359.2,981.7,335.4,-1.52,9.16
748,1,Bollard,0.124,104.3,773.1,273.7,1163.2,189.0,-2.6,8.08
748,2,Bollard,0.118,313.9,875.5,361.5,995.0,337.7,-1.5,9.08
749,1,Bollard,0.304,301.4,868.1,356.3,1013.8,328.9,-1.56,8.97
749,2,Bollard,0.201,93.3,770.2,261.1,1182.1,177.2,-2.69,7.96
749,3,Bollard,0.199,572.4,875.2,610.9,1005.1,591.7,0.38,9.02
749,4,Person,0.161,86.9,756.1,262.7,1181.8,174.8,-2.71,7.97
752,1,Bollard,0.174,312.8,900.8,359.7,1030.2,336.2,-1.51,8.87
753,1,Bollard,0.225,324.3,904.9,365.6,1021.4,345.0,-1.44,8.92
754,1,Person,0.163,123.0,759.5,295.9,1182.2,209.5,-2.45,7.96
754,2,Bollard,0.128,128.0,783.9,294.0,1181.4,211.0,-2.44,7.97
755,1,Person,0.42,143.0,761.8,304.4,1169.3,223.7,-2.34,8.04
755,2,Bollard,0.167,349.6,878.2,400.0,999.0,374.8,-1.22,9.05
756,69,Person,0.369,147.6,769.6,305.7,1168.9,226.6,-2.32,8.04
757,69,Person,0.258,155.7,766.3,311.7,1160.3,233.7,-2.27,8.09
758,1,Bollard,0.248,372.9,855.7,416.4,984.4,394.6,-1.08,9.14
759,1,Bollard,0.17,378.4,850.1,422.2,978.6,400.3,-1.03,9.18
762,69,Person,0.455,195.5,695.8,357.4,1105.7,276.5,-1.95,8.42
763,69,Person,0.418,206.1,705.7,366.5,1111.5,286.3,-1.88,8.38
764,69,Person,0.545,205.7,721.2,366.4,1127.8,286.1,-1.88,8.29
765,69,Person,0.128,201.1,737.0,359.2,1137.3,280.1,-1.92,8.23
766,69,Bollard,0.14,218.3,838.4,338.7,1133.8,278.5,-1.94,8.25
767,1,Person,0.19,201.8,726.4,360.6,1135.1,281.2,-1.92,8.24
768,1,Person,0.147,214.1,737.5,370.6,1136.1,292.4,-1.83,8.24
768,2,Bollard,0.134,414.7,864.4,460.5,1001.7,437.6,-0.76,9.04
768,3,Bollard,0.102,224.9,857.8,358.8,1136.2,291.8,-1.84,8.24
769,1,Bollard,0.15,226.5,871.8,351.3,1129.5,288.9,-1.86,8.28
770,1,Person,0.193,200.1,716.8,354.3,1126.1,277.2,-1.95,8.3
770,2,Bollard,0.123,208.2,769.4,340.3,1126.7,274.2,-1.97,8.29
771,1,Bollard,0.384,372.6,845.5,423.4,984.7,398.0,-1.05,9.14
771,2,Bollard,0.111,173.2,848.0,309.2,1132.4,241.2,-2.21,8.26
772,1,Person,0.199,150.4,739.7,305.6,1133.3,228.0,-2.31,8.25
772,2,Bollard,0.128,352.0,851.1,400.8,988.3,376.4,-1.21,9.12
773,1,Person,0.122,140.1,726.5,297.0,1130.6,218.5,-2.38,8.27
774,1,Person,0.24,130.6,719.4,290.7,1132.5,210.7,-2.44,8.26
774,2,Bollard,0.223,327.4,838.0,377.7,989.9,352.6,-1.39,9.11
775,1,Bollard,0.306,310.6,849.0,362.5,988.9,336.6,-1.51,9.11
775,2,Person,0.129,110.6,725.3,270.9,1124.8,190.8,-2.59,8.3
776,1,Person,0.334,99.3,720.9,252.2,1122.7,175.8,-2.7,8.32
777,1,Person,0.29,89.3,712.8,244.7,1113.6,167.0,-2.76,8.37
778,79,Person,0.37,83.8,718.8,236.5,1112.3,160.1,-2.81,8.38
779,79,Person,0.437,77.0,706.5,234.9,1113.3,156.0,-2.84,8.37
780,1,Bollard,0.226,267.0,855.7,319.4,997.3,293.2,-1.83,9.06
781,1,Bollard,0.415,247.4,879.9,299.8,1004.0,273.6,-1.97,9.02
781,2,Bollard,0.205,539.9,854.6,591.7,1002.4,565.8,0.19,9.03
782,1,Bollard,0.339,239.1,883.6,292.4,1023.4,265.7,-2.03,8.91
782,2,Bollard,0.228,47.2,745.0,195.4,1140.1,121.3,-3.1,8.21
782,3,Person,0.113,42.9,731.4,198.8,1140.5,120.8,-3.1,8.21
783,1,Bollard,0.368,246.5,914.3,294.9,1037.6,270.7,-1.99,8.82
783,2,Bollard,0.228,55.0,831.3,198.5,1157.4,126.7,-3.06,8.11
784,85,Bollard,0.447,250.8,911.4,301.6,1040.7,276.2,-1.95,8.81
785,85,Bollard,0.61,249.7,884.0,304.2,1022.9,276.9,-1.95,8.91
786,85,Bollard,0.429,245.7,876.6,297.9,1009.2,271.8,-1.99,8.99
787,85,Bollard,0.404,235.3,862.0,295.2,1015.2,265.3,-2.04,8.96
787,79,Person,0.527,40.4,740.8,197.5,1145.0,118.9,-3.12,8.18
788,1,Bollard,0.336,249.6,887.3,301.6,1036.9,275.6,-1.96,8.83
792,1,Person,0.126,79.5,753.2,244.1,1146.0,161.8,-2.8,8.18
794,1,Bollard,0.284,323.0,868.1,374.2,1009.0,348.6,-1.42,8.99
798,1,Bollard,0.113,368.4,864.6,419.7,1001.9,394.0,-1.08,9.04
799,1,Bollard,0.267,379.9,877.7,434.8,1013.3,407.4,-0.98,8.97
799,2,Bollard,0.139,918.3,855.7,1035.4,1377.7,976.9,3.24,6.8
800,1,Bollard,0.237,378.5,883.1,431.9,1016.9,405.2,-1.0,8.95
800,2,Bollard,0.123,922.2,980.5,1036.5,1387.2,979.4,3.25,6.74
804,1,Bollard,0.255,397.1,890.3,450.3,1036.7,423.7,-0.86,8.83
805,1,Bollard,0.223,405.2,878.1,459.7,1031.6,432.4,-0.8,8.86
807,1,Bollard,0.186,381.2,905.8,433.3,1048.9,407.3,-0.98,8.76
808,1,Bollard,0.441,370.3,892.2,425.6,1053.8,397.9,-1.05,8.73
808,2,Bollard,0.103,689.1,904.5,753.2,1065.8,721.2,1.34,8.66
809,1,Bollard,0.101,357.2,898.4,409.2,1046.0,383.2,-1.16,8.77
810,1,Bollard,0.273,333.9,869.0,391.4,1040.9,362.7,-1.31,8.8
810,2,Bollard,0.245,659.9,879.9,724.6,1044.5,692.2,1.13,8.78
811,1,Bollard,0.422,309.6,872.7,363.1,1031.9,336.3,-1.51,8.86
811,2,Bollard,0.193,919.4,1078.3,1037.8,1456.3,978.6,3.25,6.33
812,1,Bollard,0.131,299.4,867.2,353.3,1013.8,326.4,-1.58,8.97
813,1,Bollard,0.323,901.1,816.9,1033.6,1449.6,967.3,3.17,6.37
813,2,Person,0.22,88.5,670.1,253.2,1069.9,170.8,-2.73,8.63
814,98,Bollard,0.43,895.9,795.1,1033.8,1453.3,964.8,3.15,6.35
815,98,Bollard,0.388,894.5,801.4,1033.1,1462.5,963.8,3.14,6.29
816,98,Bollard,0.352,892.0,797.6,1031.9,1464.3,962.0,3.13,6.28
817,98,Bollard,0.316,887.3,782.6,1031.7,1469.2,959.5,3.11,6.26
818,101,Bollard,0.502,218.6,807.6,282.7,1016.2,250.7,-2.14,8.95
819,98,Bollard,0.249,879.4,750.3,1032.1,1474.6,955.8,3.08,6.22
820,98,Bollard,0.275,879.2,741.3,1035.4,1483.5,957.3,3.09,6.17
821,98,Bollard,0.365,884.9,789.7,1033.3,1493.7,959.1,3.1,6.11
821,103,Bollard,0.428,204.9,844.1,263.5,1041.2,234.2,-2.27,8.8
822,98,Bollard,0.348,888.7,829.4,1034.7,1522.6,961.7,3.12,5.94
822,103,Bollard,0.122,205.4,882.4,259.0,1062.9,232.2,-2.28,8.67
823,98,Bollard,0.412,895.6,867.1,1037.8,1545.5,966.7,3.16,5.8
823,103,Bollard,0.447,203.9,887.5,260.5,1077.2,232.2,-2.28,8.59
824,98,Bollard,0.451,900.3,889.5,1038.8,1553.4,969.5,3.18,5.75
824,103,Bollard,0.149,199.3,884.9,253.6,1065.4,226.4,-2.32,8.66
825,98,Bollard,0.475,898.4,887.7,1037.7,1556.6,968.1,3.17,5.73
825,103,Bollard,0.453,186.2,857.3,245.7,1053.8,215.9,-2.4,8.73
826,98,Bollard,0.464,901.6,900.4,1038.5,1561.6,970.0,3.19,5.7
827,98,Bollard,0.102,920.0,1033.6,1034.3,1578.5,977.2,3.24,5.6
828,98,Bollard,0.307,914.1,1029.3,1036.5,1613.5,975.3,3.22,5.4
828,103,Bollard,0.378,171.4,881.9,233.1,1085.3,202.3,-2.5,8.54
829,98,Bollard,0.375,906.3,1014.6,1038.9,1652.2,972.6,3.2,5.17
829,103,Bollard,0.113,162.1,911.2,220.9,1104.3,191.5,-2.58,8.43
830,103,Bollard,0.379,168.2,928.5,222.2,1104.2,195.2,-2.55,8.43
831,1,Bollard,0.468,547.3,893.9,612.7,1078.1,580.0,0.3,8.58
832,1,Bollard,0.135,560.9,885.0,615.6,1064.0,588.3,0.36,8.67
833,1,Bollard,0.158,570.9,863.9,630.8,1047.6,600.9,0.45,8.76
833,2,Bollard,0.108,925.1,878.6,996.8,1067.9,960.9,3.12,8.64
834,1,Bollard,0.146,576.2,859.1,635.1,1042.8,605.7,0.49,8.79
836,1,Bollard,0.32,598.1,853.8,666.5,1034.5,632.3,0.68,8.84
837,1,Bollard,0.349,611.7,836.3,676.3,1025.7,644.0,0.77,8.89
838,1,Bollard,0.287,629.6,822.6,690.8,1012.4,660.2,0.89,8.97
840,1,Bollard,0.472,653.7,812.9,726.5,1005.2,690.1,1.11,9.02
840,2,Bollard,0.149,424.6,805.3,481.8,905.2,453.2,-0.64,9.61
841,114,Bollard,0.466,658.4,824.1,732.0,1018.3,695.2,1.15,8.94
842,114,Bollard,0.139,664.0,844.0,736.3,1035.1,700.2,1.19,8.84
845,1,Bollard,0.263,711.3,841.3,785.1,1035.4,748.2,1.54,8.84
848,1,Bollard,0.412,766.7,855.2,842.1,1062.4,804.4,1.96,8.68
849,116,Bollard,0.416,769.8,864.6,843.4,1067.1,806.6,1.97,8.65
850,116,Bollard,0.386,771.5,862.3,846.3,1068.0,808.9,1.99,8.64
851,1,Bollard,0.251,779.4,849.7,856.5,1060.6,817.9,2.06,8.69
852,116,Bollard,0.325,782.1,840.0,856.9,1045.8,819.5,2.07,8.77
853,116,Bollard,0.503,780.0,831.8,855.9,1040.9,817.9,2.06,8.8
854,116,Bollard,0.472,775.7,828.7,851.4,1037.2,813.6,2.03,8.83
855,116,Bollard,0.42,771.7,826.5,847.4,1035.5,809.5,2.0,8.84
856,116,Bollard,0.358,768.4,822.5,844.0,1031.6,806.2,1.97,8.86
857,1,Bollard,0.287,498.9,806.9,551.5,902.6,525.2,-0.11,9.63
857,2,Bollard,0.172,765.1,820.8,837.7,1031.8,801.4,1.94,8.86
858,1,Bollard,0.144,761.2,821.8,834.2,1031.7,797.7,1.91,8.86
859,1,Bollard,0.163,759.3,819.7,830.5,1030.7,794.9,1.89,8.86
859,2,Bollard,0.135,487.3,807.4,542.6,900.9,514.9,-0.19,9.64
860,116,Bollard,0.51,748.9,818.7,825.5,1032.2,787.2,1.83,8.86
861,1,Bollard,0.221,303.6,840.4,376.1,1035.0,339.9,-1.48,8.84
862,1,Bollard,0.296,302.5,841.0,374.5,1043.9,338.5,-1.49,8.79
862,2,Bollard,0.272,727.9,829.7,806.6,1043.3,767.2,1.68,8.79
863,116,Bollard,0.445,739.2,820.0,816.5,1037.7,777.9,1.76,8.82
864,1,Bollard,0.232,756.8,808.8,824.3,1031.0,790.6,1.86,8.86
864,2,Bollard,0.145,482.4,815.6,527.2,894.2,504.8,-0.26,9.68
865,1,Bollard,0.304,771.2,792.2,839.7,1019.1,805.5,1.97,8.93
865,2,Bollard,0.3,329.5,812.5,398.7,1019.5,364.1,-1.3,8.93
866,124,Bollard,0.519,769.0,784.1,835.4,1003.7,802.2,1.94,9.03
866,125,Bollard,0.589,318.8,795.7,390.0,1008.4,354.4,-1.37,9.0
867,124,Bollard,0.535,762.1,773.7,829.3,996.5,795.7,1.89,9.07
867,125,Bollard,0.621,314.5,790.5,385.4,1001.9,350.0,-1.41,9.04
868,124,Bollard,0.564,766.6,772.7,835.1,999.9,800.9,1.93,9.05
869,124,Bollard,0.332,774.9,788.7,843.6,1016.0,809.3,1.99,8.95
870,124,Bollard,0.561,779.3,810.4,847.6,1035.8,813.5,2.03,8.83
871,124,Bollard,0.407,781.3,832.8,850.3,1059.6,815.8,2.04,8.69
872,124,Bollard,0.423,783.1,842.1,853.6,1073.1,818.4,2.06,8.61
873,124,Bollard,0.283,785.7,840.8,856.7,1072.1,821.2,2.08,8.62
874,124,Bollard,0.428,798.3,830.3,868.8,1059.7,833.5,2.17,8.69
875,124,Bollard,0.405,811.5,818.0,882.8,1049.5,847.1,2.28,8.75
876,124,Bollard,0.333,820.0,813.8,891.3,1045.4,855.6,2.34,8.78
877,124,Bollard,0.42,825.4,815.0,897.5,1048.5,861.5,2.38,8.76
878,124,Bollard,0.475,831.3,826.1,902.9,1057.8,867.1,2.42,8.7
879,124,Bollard,0.421,836.9,831.1,910.1,1067.3,873.5,2.47,8.65
880,124,Bollard,0.311,841.3,829.6,916.3,1070.3,878.8,2.51,8.63
881,124,Bollard,0.483,850.2,834.8,925.0,1073.3,887.6,2.57,8.61
882,124,Bollard,0.502,854.9,838.0,929.8,1075.5,892.4,2.61,8.6
883,124,Bollard,0.537,857.6,837.8,933.1,1075.8,895.3,2.63,8.6
884,124,Bollard,0.421,860.3,834.4,936.2,1073.2,898.2,2.65,8.61
885,124,Bollard,0.468,861.2,825.0,939.3,1069.5,900.3,2.67,8.63
886,124,Bollard,0.517,858.9,830.1,936.5,1071.9,897.7,2.65,8.62
887,124,Bollard,0.604,861.7,832.3,942.1,1079.8,901.9,2.68,8.57
888,124,Bollard,0.617,860.3,836.8,942.2,1086.3,901.2,2.68,8.53
891,124,Bollard,0.634,853.3,831.6,936.4,1081.1,894.9,2.63,8.57
895,1,Bollard,0.267,283.5,811.2,373.2,1068.3,328.3,-1.57,8.64
898,1,Bollard,0.183,279.4,792.2,374.3,1061.8,326.8,-1.58,8.68
899,1,Bollard,0.234,273.4,791.3,370.8,1061.0,322.1,-1.61,8.68
900,1,Bollard,0.229,269.4,785.1,361.3,1064.2,315.4,-1.66,8.67
901,1,Bollard,0.22,270.6,783.1,362.7,1065.2,316.6,-1.65,8.66
902,1,Bollard,0.152,279.2,787.0,368.4,1061.7,323.8,-1.6,8.68
904,1,Bollard,0.387,282.5,798.8,366.5,1071.0,324.5,-1.6,8.63
905,131,Bollard,0.53,272.9,794.0,361.4,1080.9,317.2,-1.65,8.57
906,131,Bollard,0.5,272.1,809.9,359.0,1092.0,315.6,-1.66,8.5
910,1,Bollard,0.2,302.7,815.2,392.7,1103.1,347.7,-1.42,8.43
911,1,Bollard,0.106,286.0,829.5,377.1,1111.1,331.6,-1.54,8.39
912,1,Bollard,0.157,868.8,844.0,983.8,1134.1,926.3,2.86,8.25
917,1,Bollard,0.276,249.0,857.1,348.1,1166.2,298.6,-1.79,8.06
918,1,Bollard,0.254,251.3,856.4,347.3,1163.7,299.3,-1.78,8.07
919,1,Bollard,0.24,249.9,847.8,346.5,1168.0,298.2,-1.79,8.05
920,1,Bollard,0.192,246.5,802.1,346.4,1155.0,296.4,-1.8,8.12
920,2,Bollard,0.15,867.7,866.7,982.2,1165.9,925.0,2.85,8.06
921,1,Bollard,0.146,245.0,808.9,351.4,1142.0,298.2,-1.79,8.2
922,131,Bollard,0.443,248.3,795.9,353.4,1140.4,300.9,-1.77,8.21
924,131,Bollard,0.13,246.0,781.3,353.7,1135.5,299.9,-1.78,8.24
925,131,Bollard,0.304,247.1,791.1,351.2,1133.5,299.1,-1.78,8.25
926,131,Bollard,0.305,245.9,798.6,348.3,1136.2,297.1,-1.8,8.24
927,1,Bollard,0.197,242.2,800.9,345.9,1140.3,294.1,-1.82,8.21
929,131,Bollard,0.301,230.9,810.5,339.0,1163.5,284.9,-1.89,8.07
930,131,Bollard,0.13,230.6,825.2,337.3,1172.2,284.0,-1.9,8.02
931,131,Bollard,0.235,232.3,827.1,336.7,1162.0,284.5,-1.89,8.08
934,1,Bollard,0.253,279.9,792.4,397.2,1186.9,338.5,-1.49,7.94
936,1,Bollard,0.212,248.8,848.9,357.1,1215.2,302.9,-1.76,7.77
937,1,Bollard,0.249,244.0,856.2,344.2,1221.0,294.1,-1.82,7.73
939,1,Bollard,0.118,943.3,832.4,1040.1,1262.4,991.7,3.35,7.49
942,1,Bollard,0.243,164.1,819.5,275.8,1204.9,220.0,-2.37,7.83
943,138,Bollard,0.474,161.6,815.1,276.2,1210.0,218.9,-2.38,7.8
944,138,Bollard,0.131,155.1,808.0,270.2,1203.6,212.6,-2.42,7.84
946,1,Bollard,0.19,901.8,817.7,1026.8,1198.6,964.3,3.14,7.87
949,1,Bollard,0.479,89.1,863.4,208.2,1274.9,148.7,-2.9,7.41
949,2,Bollard,0.201,890.7,874.4,1018.9,1255.9,954.8,3.07,7.52
950,139,Bollard,0.485,92.8,875.5,211.4,1284.7,152.1,-2.87,7.35
951,139,Bollard,0.541,95.1,875.9,214.9,1288.2,155.0,-2.85,7.33
952,139,Bollard,0.34,94.9,875.8,214.7,1287.4,154.8,-2.85,7.34
953,139,Bollard,0.448,91.3,902.9,212.1,1317.3,151.7,-2.88,7.16
954,139,Bollard,0.627,72.2,939.4,196.6,1366.0,134.4,-3.0,6.87
955,139,Bollard,0.143,55.2,973.7,183.2,1412.2,119.2,-3.12,6.59
956,1,Bollard,0.122,905.9,1007.5,1033.3,1422.1,969.6,3.18,6.53
957,139,Bollard,0.25,40.8,1011.8,174.5,1468.7,107.6,-3.2,6.26
958,139,Bollard,0.552,45.8,1020.4,178.1,1474.5,111.9,-3.17,6.22
959,1,Bollard,0.238,64.1,1009.9,196.3,1461.0,130.2,-3.04,6.3
960,1,Bollard,0.288,79.5,1017.4,201.5,1460.1,140.5,-2.96,6.31
960,2,Bollard,0.151,955.4,940.2,1043.9,1449.0,999.7,3.4,6.38
961,139,Bollard,0.678,77.0,1049.5,209.9,1501.1,143.5,-2.94,6.06
962,139,Bollard,0.734,87.2,1058.4,221.1,1513.6,154.1,-2.86,5.99
963,139,Bollard,0.339,99.2,1065.1,235.6,1530.5,167.4,-2.76,5.89
965,1,Bollard,0.198,160.2,1070.2,270.4,1544.9,215.3,-2.41,5.8
968,1,Bollard,0.102,147.4,1087.8,289.8,1576.6,218.6,-2.38,5.62
969,139,Bollard,0.576,149.1,1094.5,290.9,1580.3,220.0,-2.37,5.59
970,139,Bollard,0.397,158.3,1097.0,300.1,1586.3,229.2,-2.3,5.56
971,139,Bollard,0.427,158.7,1084.7,303.5,1587.2,231.1,-2.29,5.55
972,1,Bollard,0.255,151.0,1061.9,269.8,1571.7,210.4,-2.44,5.64
973,146,Bollard,0.425,140.2,1035.6,264.0,1566.1,202.1,-2.5,5.68
974,146,Bollard,0.556,146.5,1035.7,269.4,1561.1,208.0,-2.46,5.71
975,146,Bollard,0.702,156.2,1052.3,274.2,1554.9,215.2,-2.41,5.74
976,146,Bollard,0.716,152.1,1066.0,269.8,1564.4,210.9,-2.44,5.69
978,1,Bollard,0.332,79.1,1096.6,199.0,1615.6,139.1,-2.97,5.38
979,147,Bollard,0.616,70.9,1097.3,193.9,1629.2,132.4,-3.02,5.3
980,147,Bollard,0.404,62.7,1088.7,188.3,1630.0,125.5,-3.07,5.3
981,147,Bollard,0.306,52.5,1082.9,180.4,1632.1,116.4,-3.14,5.29
983,1,Bollard,0.316,36.5,1108.4,129.0,1663.6,82.7,-3.39,5.1
989,1,Person,0.109,183.0,761.7,297.4,1039.8,240.2,-2.22,8.81
991,1,Person,0.109,182.4,755.9,293.4,1026.2,237.9,-2.24,8.89
992,1,Person,0.147,196.4,727.8,314.0,1014.6,255.2,-2.11,8.96
993,1,Bollard,0.161,23.0,1046.2,129.9,1654.0,76.4,-3.43,5.15
994,1,Person,0.211,236.5,728.7,351.3,1033.3,293.9,-1.82,8.85
995,147,Bollard,0.301,28.2,1067.0,166.0,1669.2,97.1,-3.28,5.06
996,147,Bollard,0.709,30.8,1076.1,170.4,1685.7,100.6,-3.25,4.97
997,147,Bollard,0.646,44.2,1074.7,187.3,1688.1,115.7,-3.14,4.95
998,1,Bollard,0.172,70.8,1070.8,241.5,1688.3,156.2,-2.84,4.95
999,1,Person,0.165,214.0,717.0,341.5,980.0,277.7,-1.94,9.17
1000,146,Bollard,0.775,181.7,1070.2,327.1,1682.2,254.4,-2.12,4.99
1001,146,Bollard,0.827,205.0,1077.8,352.2,1693.7,278.6,-1.94,4.92
1002,1,Bollard,0.275,258.3,1092.3,402.3,1712.2,330.3,-1.55,4.81
1003,1,Person,0.448,574.5,762.9,686.5,1025.5,630.5,0.67,8.9
1003,2,Bollard,0.308,330.9,1097.2,447.1,1743.8,389.0,-1.12,4.62
1003,3,Person,0.101,385.6,752.0,504.1,1024.5,444.8,-0.7,8.9
1004,139,Bollard,0.666,341.9,1113.9,506.3,1733.5,424.1,-0.86,4.68
1005,1,Person,0.284,671.2,748.5,784.7,1021.6,728.0,1.39,8.92
1005,2,Bollard,0.251,396.2,1108.2,531.1,1734.7,463.7,-0.57,4.67
1007,1,Person,0.124,738.8,757.4,873.8,1030.3,806.3,1.97,8.87
1008,1,Bollard,0.187,500.0,1114.6,632.9,1732.2,566.5,0.2,4.69
1009,1,Bollard,0.349,512.1,1110.0,657.5,1734.1,584.8,0.33,4.68
1010,1,Bollard,0.165,522.7,1109.5,665.4,1735.7,594.0,0.4,4.67
1012,1,Person,0.15,676.3,718.0,801.8,1000.7,739.1,1.47,9.04
1012,2,Person,0.145,902.1,692.3,1033.0,1003.6,967.5,3.17,9.03
1014,1,Bollard,0.427,627.1,1098.5,775.5,1733.3,701.3,1.19,4.68
1015,1,Bollard,0.35,647.6,1103.8,778.9,1735.9,713.2,1.28,4.67
1016,158,Bollard,0.541,661.0,1098.9,793.3,1734.9,727.1,1.39,4.67
1017,158,Bollard,0.34,674.6,1096.1,807.9,1736.7,741.2,1.49,4.66
1018,1,Bollard,0.154,688.5,1077.1,840.8,1743.9,764.6,1.66,4.62
1019,1,Bollard,0.209,709.9,1069.7,851.9,1720.1,780.9,1.78,4.76
1020,158,Bollard,0.613,727.9,1064.7,862.9,1709.4,795.4,1.89,4.82
1021,158,Bollard,0.718,744.3,1060.5,881.1,1709.6,812.7,2.02,4.82
1022,158,Bollard,0.695,753.5,1056.3,893.4,1719.7,823.4,2.1,4.76
1023,158,Bollard,0.726,761.7,1047.8,905.9,1727.2,833.8,2.18,4.72
1024,158,Bollard,0.688,766.1,1041.1,914.9,1733.2,840.5,2.23,4.68
1025,158,Bollard,0.61,774.3,1037.5,925.1,1732.2,849.7,2.29,4.69
1026,158,Bollard,0.676,780.1,1040.7,930.0,1726.0,855.1,2.33,4.73
1027,158,Bollard,0.36,781.4,1046.6,929.1,1721.1,855.3,2.34,4.76
1028,158,Bollard,0.284,778.5,1058.5,923.5,1725.1,851.0,2.3,4.73
1029,158,Bollard,0.61,772.9,1079.0,913.2,1730.7,843.1,2.24,4.7
1030,158,Bollard,0.704,767.0,1082.8,903.0,1723.1,835.0,2.19,4.74
1031,158,Bollard,0.626,756.6,1059.7,894.0,1715.2,825.3,2.11,4.79
1032,158,Bollard,0.713,751.8,1047.7,891.0,1716.6,821.4,2.08,4.78
1033,158,Bollard,0.346,727.9,1040.6,872.0,1724.7,800.0,1.93,4.73
1034,158,Bollard,0.709,687.8,1051.7,841.2,1784.4,764.5,1.66,4.38
1035,158,Bollard,0.695,647.1,1059.8,804.9,1814.7,726.0,1.38,4.2
1036,139,Bollard,0.679,580.1,1056.5,773.8,1864.2,677.0,1.01,3.9
1037,139,Bollard,0.74,563.7,1055.6,744.8,1836.7,654.2,0.85,4.07
1038,139,Bollard,0.781,526.0,1046.7,690.1,1773.9,608.0,0.5,4.44
1039,139,Bollard,0.774,473.4,1042.6,634.8,1768.8,554.1,0.1,4.47
1040,139,Bollard,0.755,413.0,1038.1,580.7,1803.2,496.8,-0.32,4.27
1041,139,Bollard,0.797,349.3,1025.9,524.4,1824.5,436.8,-0.76,4.14
1042,139,Bollard,0.797,287.2,1033.0,465.7,1840.5,376.5,-1.21,4.04
1043,139,Bollard,0.818,218.7,1038.3,404.3,1866.7,311.5,-1.69,3.89
1044,139,Bollard,0.852,145.4,1048.1,341.0,1899.2,243.2,-2.2,3.7
1045,139,Bollard,0.842,76.5,1062.8,280.1,1919.7,178.3,-2.68,3.57
1046,139,Bollard,0.813,32.6,1076.2,238.4,1928.0,135.5,-3.0,3.52
1047,139,Bollard,0.34,0.0,1052.0,200.0,1928.0,100.0,-3.26,3.52
1054,1,Person,0.263,275.6,564.9,368.0,777.8,321.8,-1.62,10.37
1055,1,Person,0.171,273.8,568.5,360.5,779.1,317.2,-1.65,10.36
1056,1,Person,0.427,267.1,560.5,357.0,794.6,312.1,-1.69,10.27
1057,1,Person,0.321,265.3,608.8,349.9,816.4,307.6,-1.72,10.14
1058,1,Person,0.215,260.2,630.4,346.8,831.0,303.5,-1.75,10.05
1059,1,Person,0.232,266.1,636.7,353.9,840.9,310.0,-1.7,9.99
1060,1,Person,0.229,270.6,618.8,364.7,837.6,317.6,-1.65,10.01
1060,2,Bollard,0.117,412.5,709.1,452.5,814.0,432.5,-0.8,10.15
1061,167,Person,0.393,272.7,636.1,358.9,836.8,315.8,-1.66,10.02
1062,167,Person,0.335,266.7,620.4,359.3,836.3,313.0,-1.68,10.02
1063,1,Person,0.253,257.4,630.8,342.5,851.6,300.0,-1.78,9.93
1066,1,Person,0.181,779.0,427.5,1038.8,1233.2,908.9,2.73,7.66
1067,1,Person,0.208,308.5,643.8,397.4,863.4,352.9,-1.39,9.86
1068,1,Person,0.171,319.5,646.3,409.7,860.5,364.6,-1.3,9.88
1069,1,Person,0.309,321.3,674.8,402.7,870.4,362.0,-1.32,9.82
1070,1,Person,0.129,315.3,682.0,397.5,876.1,356.4,-1.36,9.78
1085,1,Bollard,0.342,732.7,1037.5,1011.5,1613.4,872.1,2.46,5.4
1086,1,Bollard,0.153,660.1,1034.1,967.7,1613.1,813.9,2.03,5.4
1114,1,Person,0.114,118.3,462.1,512.9,1417.1,315.6,-1.66,6.56
1115,1,Person,0.209,108.5,426.4,482.0,1423.2,295.3,-1.81,6.53
1118,1,Bollard,0.168,153.5,947.2,369.5,1457.4,261.5,-2.06,6.32
1118,2,Person,0.106,83.6,475.9,474.2,1466.6,278.9,-1.93,6.27
1131,1,Person,0.105,178.9,657.6,389.4,1221.1,284.1,-1.9,7.73
1132,1,Person,0.262,120.6,668.8,338.1,1254.6,229.4,-2.3,7.53
1134,1,Curb,0.119,653.9,926.3,1027.0,1041.6,840.4,2.23,8.8
1135,1,Curb,0.298,639.3,926.0,1033.2,1043.3,836.2,2.19,8.79
1135,2,Curb,0.194,238.0,851.2,386.0,891.1,312.0,-1.69,9.7
1136,174,Curb,0.551,656.9,923.7,1002.3,1026.4,829.6,2.15,8.89
1137,174,Curb,0.557,643.0,907.9,984.5,1008.7,813.8,2.03,9.0
1138,1,Curb,0.251,547.7,875.1,1037.6,975.8,792.6,1.87,9.19
1139,1,Curb,0.143,516.2,855.3,1032.8,965.8,774.5,1.74,9.25
1140,1,Curb,0.116,521.7,846.5,1013.5,948.7,767.6,1.69,9.35
1141,1,Curb,0.13,527.9,845.7,1009.4,944.4,768.7,1.69,9.38
1150,1,Curb,0.105,55.0,829.3,291.2,864.1,173.1,-2.72,9.86
1152,1,Curb,0.307,119.7,802.0,358.6,835.2,239.2,-2.23,10.03
1152,2,Curb,0.185,118.2,790.4,353.2,829.5,235.7,-2.25,10.06
1153,1,Curb,0.145,118.1,806.4,370.8,835.7,244.4,-2.19,10.03
1154,1,Curb,0.206,119.3,804.4,384.1,836.9,251.7,-2.14,10.02
1156,1,Curb,0.234,181.7,764.0,465.9,806.2,323.8,-1.6,10.2
1156,2,Curb,0.168,161.0,772.0,483.3,801.7,322.2,-1.61,10.23
1157,1,Curb,0.335,219.0,758.1,527.1,795.1,373.0,-1.24,10.27
1158,1,Curb,0.213,239.8,759.4,570.8,795.4,405.3,-1.0,10.27
1159,1,Curb,0.208,252.5,759.3,680.0,799.6,466.2,-0.55,10.24
1159,2,Curb,0.201,291.6,757.4,613.6,803.3,452.6,-0.65,10.22
1160,1,Curb,0.134,334.3,763.0,714.5,799.4,524.4,-0.12,10.24
1166,1,Person,0.153,194.6,704.5,392.4,1201.5,293.5,-1.83,7.85
1177,1,Person,0.148,382.5,583.7,544.6,1067.3,463.6,-0.57,8.65
1182,1,Bollard,0.158,415.6,833.4,520.1,1085.1,467.8,-0.53,8.54
1217,1,Person,0.175,921.6,661.6,1024.6,872.3,973.1,3.21,9.81
1240,1,Person,0.134,163.7,462.3,361.3,1011.5,262.5,-2.06,8.98
1286,1,Bollard,0.119,205.7,889.9,303.8,1094.3,254.8,-2.11,8.49
1307,1,Person,0.113,446.3,723.2,544.1,930.1,495.2,-0.33,9.46
1316,1,Person,0.132,370.0,724.3,494.0,916.3,432.0,-0.8,9.55
1321,1,Person,0.11,623.5,550.2,771.5,966.5,697.5,1.17,9.25
1322,1,Bollard,0.259,401.9,757.1,509.6,960.6,455.7,-0.62,9.28
1323,1,Bollard,0.31,388.9,746.4,498.1,950.5,443.5,-0.71,9.34
1326,1,Person,0.357,399.3,568.8,553.5,946.8,476.4,-0.47,9.36
1326,2,Person,0.156,411.9,651.3,549.5,944.3,480.7,-0.44,9.38
1327,185,Person,0.538,405.3,572.2,553.8,935.9,479.5,-0.45,9.43
1331,1,Person,0.11,446.2,660.0,542.8,842.3,494.5,-0.34,9.99
1334,1,Person,0.352,490.7,430.0,629.0,820.1,559.8,0.15,10.12
1335,1,Person,0.239,499.1,449.9,633.4,837.8,566.3,0.19,10.01
1339,1,Person,0.187,501.1,499.1,640.3,860.6,570.7,0.23,9.88
1340,1,Person,0.117,522.5,459.0,663.4,841.0,593.0,0.39,9.99
1343,1,Person,0.118,519.6,458.5,662.0,827.1,590.8,0.38,10.08
1345,1,Person,0.162,558.0,517.4,684.2,861.0,621.1,0.6,9.88
1347,1,Person,0.317,544.4,511.6,667.3,861.0,605.8,0.49,9.88
1348,1,Person,0.214,549.0,653.5,652.5,840.9,600.7,0.45,9.99
1349,1,Person,0.204,546.2,635.1,648.1,820.8,597.1,0.42,10.11
1350,1,Person,0.241,522.4,467.4,654.5,828.1,588.5,0.36,10.07
1352,1,Person,0.186,524.0,654.3,613.9,830.5,568.9,0.21,10.06
1352,2,Bollard,0.11,523.9,651.7,620.3,832.5,572.1,0.24,10.04
1353,1,Bollard,0.421,522.5,651.8,620.2,831.4,571.4,0.23,10.05
1354,192,Bollard,0.423,524.0,659.2,617.2,830.4,570.6,0.23,10.06
1367,1,Bollard,0.12,472.1,684.7,577.1,844.4,524.6,-0.11,9.97
1377,1,Bollard,0.134,129.5,842.7,235.5,934.5,182.5,-2.65,9.44
1378,1,Bollard,0.117,556.4,759.0,644.6,912.2,600.5,0.45,9.57
1429,1,Bollard,0.252,896.8,1155.2,1047.8,1936.8,972.3,3.2,3.47
1431,1,Bollard,0.182,865.4,894.9,1044.5,1747.5,954.9,3.07,4.6
1465,1,Person,0.15,98.4,583.8,240.8,984.6,169.6,-2.74,9.14
1477,1,Person,0.151,218.9,546.6,371.5,1009.0,295.2,-1.81,8.99
1480,1,Person,0.233,188.6,496.3,373.3,997.6,280.9,-1.92,9.06
1481,1,Person,0.305,167.1,499.2,363.1,1013.5,265.1,-2.04,8.97
1484,1,Person,0.162,122.9,573.0,308.3,1108.2,215.6,-2.4,8.4
1485,1,Person,0.234,106.7,535.5,306.7,1101.5,206.7,-2.47,8.44
1487,1,Person,0.15,94.2,508.4,291.7,1080.1,192.9,-2.57,8.57
1488,1,Person,0.176,66.7,495.3,280.6,1098.7,173.6,-2.71,8.46
1489,1,Person,0.553,61.0,477.1,270.8,1096.4,165.9,-2.77,8.47
1490,1,Person,0.106,46.3,449.8,261.2,1099.2,153.7,-2.86,8.46
1491,1,Person,0.162,34.0,438.4,255.7,1099.4,144.9,-2.93,8.46
1496,1,Person,0.11,30.9,358.4,255.6,1108.3,143.2,-2.94,8.4
1497,1,Bollard,0.195,696.6,897.1,984.7,1387.7,840.7,2.23,6.74
1497,2,Bollard,0.181,342.5,945.5,544.4,1428.0,443.5,-0.72,6.5
1498,1,Bollard,0.786,737.2,920.8,925.6,1394.9,831.4,2.16,6.7
1498,2,Bollard,0.329,346.5,963.1,553.3,1459.6,449.9,-0.67,6.31
1499,198,Bollard,0.678,746.5,923.1,943.7,1419.9,845.1,2.26,6.55
1499,199,Bollard,0.618,342.0,965.9,551.5,1469.2,446.8,-0.69,6.25
1500,198,Bollard,0.604,744.2,932.4,949.0,1448.6,846.6,2.27,6.38
1500,199,Bollard,0.51,336.4,965.7,557.0,1496.3,446.7,-0.69,6.09
1501,198,Bollard,0.795,745.9,978.8,944.2,1479.0,845.1,2.26,6.2
1501,199,Bollard,0.397,333.4,978.6,559.3,1521.4,446.3,-0.69,5.94
1502,198,Bollard,0.773,741.1,992.8,947.8,1516.7,844.5,2.26,5.97
1502,199,Bollard,0.49,325.6,986.5,559.0,1549.3,442.3,-0.72,5.78
1503,198,Bollard,0.708,738.4,994.5,950.1,1533.2,844.2,2.25,5.87
1503,199,Bollard,0.479,322.4,984.9,565.2,1574.9,443.8,-0.71,5.63
1504,198,Bollard,0.799,740.8,988.3,947.1,1515.3,844.0,2.25,5.98
1504,199,Bollard,0.444,323.5,973.5,572.2,1585.6,447.8,-0.68,5.56
1505,198,Bollard,0.772,735.9,973.8,944.6,1510.4,840.3,2.22,6.01
1505,199,Bollard,0.386,322.9,952.9,576.5,1587.2,449.7,-0.67,5.55
1506,198,Bollard,0.479,731.7,970.3,939.9,1507.4,835.8,2.19,6.03
1507,198,Bollard,0.398,724.5,977.4,936.1,1522.3,830.3,2.15,5.94
1508,1,Bollard,0.194,710.4,965.7,937.3,1540.3,823.8,2.1,5.83
1513,1,Person,0.115,245.0,467.3,612.2,1464.4,428.6,-0.83,6.28
1515,198,Bollard,0.325,746.3,984.8,928.7,1453.9,837.5,2.2,6.35
1516,1,Bollard,0.241,751.9,1010.9,907.7,1462.6,829.8,2.15,6.29
1522,1,Bollard,0.106,576.7,1058.1,708.8,1403.9,642.8,0.76,6.64
1527,1,Bollard,0.31,574.9,1012.5,781.5,1414.7,678.2,1.02,6.58
1528,202,Bollard,0.753,567.0,981.0,780.2,1397.0,673.6,0.99,6.68
1529,1,Bollard,0.234,241.8,994.3,451.5,1385.0,346.6,-1.43,6.76
1529,2,Bollard,0.222,616.5,948.7,792.5,1386.3,704.5,1.22,6.75
1530,202,Bollard,0.61,594.8,930.4,831.8,1395.6,713.3,1.28,6.69
1531,202,Bollard,0.723,609.1,943.2,840.7,1402.4,724.9,1.37,6.65
1532,202,Bollard,0.798,616.6,952.4,848.4,1417.8,732.5,1.43,6.56
1532,199,Bollard,0.709,294.2,927.7,491.6,1429.9,392.9,-1.09,6.49
1533,202,Bollard,0.762,626.5,953.3,858.3,1424.5,742.4,1.5,6.52
1533,199,Bollard,0.636,305.3,934.5,498.2,1429.0,401.8,-1.02,6.49
1534,202,Bollard,0.769,641.6,961.1,872.0,1435.9,756.8,1.61,6.45
1534,199,Bollard,0.601,323.2,934.7,512.4,1425.7,417.8,-0.91,6.51
1535,202,Bollard,0.724,655.7,968.0,884.2,1443.8,769.9,1.7,6.41
1535,199,Bollard,0.591,335.3,953.2,524.0,1445.6,429.6,-0.82,6.4
1536,202,Bollard,0.285,661.4,971.2,883.7,1438.2,772.6,1.72,6.44
1536,199,Bollard,0.589,348.6,970.5,530.7,1448.9,439.7,-0.74,6.38
1537,199,Bollard,0.265,357.0,964.4,535.3,1434.6,446.1,-0.7,6.46
1544,1,Bollard,0.169,658.1,928.4,841.8,1320.3,749.9,1.56,7.14
1545,1,Bollard,0.226,666.7,962.7,826.1,1334.0,746.4,1.53,7.06
1546,1,Bollard,0.181,660.3,1023.2,796.6,1351.9,728.5,1.4,6.95
1547,1,Bollard,0.545,650.8,1020.7,775.9,1360.1,713.3,1.28,6.9
1547,2,Bollard,0.185,278.9,976.9,535.7,1340.9,407.3,-0.98,7.02
1548,1,Bollard,0.442,636.6,1100.2,754.8,1369.4,695.7,1.15,6.85
1548,2,Bollard,0.118,269.0,971.4,508.5,1392.9,388.7,-1.12,6.71
1554,1,Bollard,0.168,527.8,979.1,695.2,1261.6,611.5,0.53,7.49
1555,1,Bollard,0.101,519.2,933.8,690.0,1246.2,604.6,0.48,7.58
1556,1,Bollard,0.632,523.1,886.9,680.4,1224.8,601.7,0.46,7.71
1557,209,Bollard,0.427,518.4,886.7,673.3,1219.8,595.9,0.41,7.74
1558,209,Bollard,0.39,521.5,879.6,684.5,1230.0,603.0,0.47,7.68
1559,209,Bollard,0.411,509.2,908.8,668.1,1250.0,588.6,0.36,7.56
1560,209,Bollard,0.614,484.6,932.7,651.1,1292.5,567.9,0.21,7.31
1561,209,Bollard,0.788,488.8,937.2,658.9,1308.1,573.8,0.25,7.21
1562,209,Bollard,0.776,494.3,926.8,665.0,1302.7,579.6,0.29,7.25
1563,209,Bollard,0.613,496.6,892.5,668.9,1275.2,582.8,0.32,7.41
1564,209,Bollard,0.635,508.6,875.9,677.2,1251.5,592.9,0.39,7.55
1565,209,Bollard,0.325,521.0,877.8,689.0,1251.4,605.0,0.48,7.55
1565,210,Bollard,0.428,268.3,905.4,435.9,1270.7,352.1,-1.39,7.44
1566,210,Bollard,0.619,257.1,928.2,429.2,1303.8,343.2,-1.46,7.24
1572,209,Bollard,0.343,531.8,861.3,690.9,1209.3,611.3,0.53,7.8
1573,209,Bollard,0.255,542.9,876.3,694.6,1207.3,618.7,0.58,7.81
1574,209,Bollard,0.658,564.4,893.9,709.5,1210.9,636.9,0.72,7.79
1575,209,Bollard,0.755,589.9,907.6,730.7,1219.0,660.3,0.89,7.74
1576,209,Bollard,0.712,598.5,906.5,743.5,1230.1,671.0,0.97,7.68
1577,209,Bollard,0.632,607.0,900.3,754.8,1233.3,680.9,1.04,7.66
1578,209,Bollard,0.647,613.1,905.8,759.4,1237.6,686.3,1.08,7.63
1579,209,Bollard,0.644,614.6,920.6,756.0,1243.0,685.3,1.08,7.6
1580,209,Bollard,0.435,597.7,931.0,740.3,1250.3,669.0,0.96,7.56
1581,209,Bollard,0.349,585.9,921.5,737.8,1259.8,661.9,0.9,7.5
1582,209,Bollard,0.122,585.2,931.0,733.9,1260.2,659.6,0.89,7.5
1583,209,Bollard,0.125,578.5,939.1,718.9,1240.7,648.7,0.81,7.61
1586,209,Bollard,0.576,571.7,900.2,715.5,1210.7,643.6,0.77,7.79
1587,209,Bollard,0.719,562.3,891.9,706.0,1203.6,634.2,0.7,7.84
1588,209,Bollard,0.731,558.3,893.6,701.4,1206.2,629.8,0.67,7.82
1589,209,Bollard,0.785,559.5,898.4,700.0,1209.2,629.7,0.66,7.8
1590,209,Bollard,0.788,563.9,899.1,702.8,1209.5,633.3,0.69,7.8
1591,209,Bollard,0.741,568.9,899.5,706.7,1212.5,637.8,0.72,7.78
1592,209,Bollard,0.785,570.4,895.7,706.5,1207.8,638.4,0.73,7.81
1593,209,Bollard,0.749,570.3,890.9,701.5,1195.0,635.9,0.71,7.89
1594,209,Bollard,0.102,563.7,881.8,694.8,1186.9,629.2,0.66,7.94
1604,1,Bollard,0.1,609.5,891.1,747.6,1172.0,678.6,1.03,8.02
1617,1,Stairs,0.131,229.3,827.5,833.2,1140.2,531.2,-0.07,8.21
1618,1,Stairs,0.183,239.5,832.0,826.2,1145.1,532.8,-0.05,8.18
1676,1,Person,0.12,183.3,215.2,686.5,1400.9,434.9,-0.78,6.66
1678,1,Bollard,0.134,305.1,1152.1,466.6,1478.5,385.9,-1.14,6.2
1684,1,Car,0.169,612.5,683.1,894.0,913.4,753.2,1.58,9.56
1714,1,Person,0.127,135.7,553.8,282.1,983.8,208.9,-2.45,9.14
1724,1,Person,0.203,171.4,539.6,314.6,955.5,243.0,-2.2,9.31
1725,1,Person,0.158,187.6,523.1,330.3,949.8,258.9,-2.08,9.35
1726,1,Person,0.198,203.4,513.6,349.5,946.3,276.5,-1.95,9.37
1775,1,Stairs,0.103,433.9,842.1,721.3,1271.6,577.6,0.28,7.43
1780,1,Stairs,0.149,479.2,1053.5,700.9,1281.1,590.1,0.37,7.37
1799,1,Bike,0.103,31.3,4.9,1071.7,1246.2,551.5,0.09,7.58
1802,1,Bike,0.106,63.6,4.8,1077.0,1246.1,570.3,0.22,7.58
1803,1,Bike,0.107,44.2,4.5,1074.5,1244.3,559.4,0.14,7.59
1805,1,Bike,0.113,86.7,3.7,1074.5,1232.7,580.6,0.3,7.66
1810,1,Bollard,0.157,806.9,568.3,1033.7,1347.0,920.3,2.82,6.98
1810,2,Bike,0.101,788.7,162.0,1059.0,1349.2,923.8,2.84,6.97
1811,1,Bollard,0.18,807.1,546.7,1036.9,1362.5,922.0,2.83,6.89
1811,2,Bike,0.154,803.6,184.8,1054.8,1362.0,929.2,2.88,6.89
1812,1,Bike,0.165,799.7,186.2,1058.4,1385.5,929.0,2.88,6.75
1812,2,Bollard,0.13,800.6,540.8,1038.2,1382.3,919.4,2.81,6.77
1822,1,Bike,0.126,772.4,194.1,1058.3,1400.0,915.4,2.78,6.67
1823,1,Person,0.137,432.5,645.9,652.4,1154.1,542.4,0.02,8.13
1838,1,Person,0.169,328.1,640.7,432.7,936.4,380.4,-1.18,9.43
1839,1,Person,0.127,318.6,634.1,433.3,946.0,376.0,-1.22,9.37
1841,1,Person,0.27,329.6,608.7,441.9,920.1,385.8,-1.14,9.52
1842,1,Person,0.181,329.9,606.5,439.9,912.0,384.9,-1.15,9.57
1844,1,Person,0.125,361.1,606.9,474.0,915.1,417.6,-0.91,9.55
1845,1,Person,0.108,431.3,533.8,637.6,1069.1,534.5,-0.04,8.64
1846,1,Person,0.179,371.7,645.0,486.6,945.1,429.1,-0.82,9.37
1847,1,Person,0.214,438.7,626.2,656.3,1093.5,547.5,0.06,8.49
1848,1,Person,0.167,442.8,637.3,664.2,1087.6,553.5,0.1,8.53
1850,1,Person,0.171,401.3,666.3,515.1,962.2,458.2,-0.61,9.27
1851,1,Person,0.132,399.0,672.4,512.0,965.1,455.5,-0.63,9.26
1852,1,Person,0.173,404.8,669.1,517.1,958.7,460.9,-0.59,9.29
1853,1,Person,0.202,404.9,653.5,521.7,936.9,463.3,-0.57,9.42
1853,2,Person,0.125,471.9,573.9,647.0,1089.1,559.4,0.14,8.52
1854,1,Person,0.198,474.7,558.2,657.2,1067.4,566.0,0.19,8.65
1854,2,Person,0.123,395.1,618.2,511.6,916.6,453.4,-0.64,9.54
1855,1,Person,0.258,416.0,611.9,516.4,886.5,466.2,-0.55,9.72
1856,1,Person,0.122,481.2,621.5,660.0,1057.4,570.6,0.23,8.71
1857,1,Person,0.225,469.2,612.1,654.8,1056.2,562.0,0.16,8.71
1872,1,Bollard,0.1,188.7,751.5,231.4,806.6,210.1,-2.44,10.2
1965,1,Person,0.133,271.9,505.0,432.6,894.5,352.2,-1.39,9.68
2028,1,Person,0.315,395.1,518.8,543.2,873.3,469.1,-0.53,9.8
2030,1,Person,0.249,453.2,563.9,606.7,916.0,530.0,-0.07,9.55
2062,1,Person,0.149,85.6,583.8,245.2,1004.1,165.4,-2.77,9.02
2064,1,Person,0.119,71.8,567.5,233.8,1008.5,152.8,-2.87,9.0
2065,1,Person,0.347,72.0,587.8,232.2,1017.9,152.1,-2.87,8.94
2066,1,Person,0.153,69.3,604.7,233.7,1025.9,151.5,-2.88,8.89
2067,1,Person,0.138,62.4,601.6,221.9,1049.8,142.1,-2.95,8.75
2068,1,Person,0.144,52.0,594.8,220.4,1068.8,136.2,-2.99,8.64
2070,1,Person,0.361,30.1,626.2,190.8,1102.1,110.4,-3.18,8.44
2071,1,Person,0.214,28.4,608.5,188.1,1096.4,108.3,-3.2,8.47
2072,1,Car,0.112,878.1,682.1,1038.5,908.1,958.3,3.1,9.59
2073,1,Car,0.116,873.8,669.8,1037.4,889.4,955.6,3.08,9.71
2078,1,Car,0.134,903.5,613.4,1037.0,845.0,970.3,3.19,9.97
2088,1,Person,0.178,192.4,649.5,339.3,967.9,265.9,-2.03,9.24
2089,1,Person,0.107,199.5,690.5,339.8,1008.4,269.7,-2.0,9.0
2092,1,Person,0.116,262.7,694.5,398.8,1006.7,330.8,-1.55,9.01
2104,1,Person,0.121,23.7,594.3,185.4,1216.4,104.6,-3.23,7.76
2105,1,Person,0.275,23.2,596.4,161.7,1228.7,92.5,-3.32,7.69
2107,1,Person,0.181,22.8,609.1,144.7,1242.6,83.8,-3.38,7.6
2109,1,Bollard,0.264,4.6,646.6,116.8,1206.9,60.7,-3.55,7.82
2109,2,Person,0.112,338.7,703.0,465.0,992.1,401.9,-1.02,9.09
2115,1,Person,0.129,280.1,653.0,407.0,930.3,343.5,-1.46,9.46
2116,1,Person,0.314,256.5,648.9,393.4,934.1,325.0,-1.59,9.44
2117,1,Person,0.113,239.2,641.9,373.7,933.6,306.4,-1.73,9.44
2131,1,Person,0.103,261.4,710.9,383.4,982.2,322.4,-1.61,9.15
2134,1,Person,0.144,274.4,677.1,398.6,950.7,336.5,-1.51,9.34
2200,1,Bollard,0.114,835.3,880.5,949.7,1545.8,892.5,2.61,5.8
2201,1,Bollard,0.147,850.2,914.5,963.7,1571.3,907.0,2.72,5.65
2202,1,Bollard,0.104,856.4,907.5,971.6,1570.3,914.0,2.77,5.65
2205,1,Bollard,0.255,888.6,898.3,1027.6,1635.9,958.1,3.1,5.26
2206,225,Bollard,0.437,897.0,899.3,1037.7,1647.0,967.4,3.17,5.2
2207,225,Bollard,0.312,908.2,892.0,1051.2,1654.0,979.7,3.26,5.15
2288,1,Person,0.124,112.3,533.4,293.7,900.0,203.0,-2.5,9.64
2289,1,Person,0.315,118.5,535.7,304.8,900.1,211.6,-2.43,9.64
2290,1,Person,0.304,126.3,535.1,314.5,905.2,220.4,-2.37,9.61
2291,1,Person,0.291,132.2,548.4,309.3,919.9,220.8,-2.36,9.52
2292,1,Person,0.266,135.3,581.3,318.3,939.7,226.8,-2.32,9.41
2295,1,Person,0.339,134.3,606.5,301.8,989.2,218.1,-2.38,9.11
2295,2,Bollard,0.157,897.7,772.1,1042.7,1250.3,970.2,3.19,7.56
2296,1,Person,0.322,115.0,618.2,309.8,1000.5,212.4,-2.43,9.04
2297,1,Person,0.209,113.6,616.9,299.4,1002.5,206.5,-2.47,9.03
2299,1,Person,0.125,69.7,543.3,230.0,947.2,149.8,-2.89,9.36
2301,1,Bollard,0.137,865.3,735.0,1043.1,1265.3,954.2,3.07,7.47
2303,1,Person,0.274,40.8,542.7,198.3,964.7,119.5,-3.11,9.26
2303,2,Bollard,0.104,854.7,759.2,1042.0,1285.8,948.4,3.02,7.35
2304,1,Person,0.27,31.1,560.6,190.8,984.7,110.9,-3.18,9.14
2305,234,Person,0.597,30.9,566.0,193.3,997.5,112.1,-3.17,9.06
2306,1,Bollard,0.224,854.4,777.9,1039.9,1314.4,947.1,3.02,7.18
2307,1,Bollard,0.161,867.6,764.8,1041.0,1300.5,954.3,3.07,7.26
2308,1,Bollard,0.162,867.8,757.6,1040.6,1297.5,954.2,3.07,7.28
2310,1,Bollard,0.106,25.4,657.0,148.2,1014.9,86.8,-3.36,8.96
2311,1,Bollard,0.122,915.8,675.9,1039.6,1271.7,977.7,3.24,7.43
2312,1,Bollard,0.122,27.1,654.9,161.8,1042.2,94.4,-3.3,8.8
2315,1,Bollard,0.182,23.0,751.5,124.9,1140.5,73.9,-3.45,8.21
2316,1,Bollard,0.147,21.9,844.5,111.5,1170.1,66.7,-3.51,8.03
2317,1,Bollard,0.177,925.8,807.4,1042.7,1442.7,984.2,3.29,6.41
2317,2,Person,0.129,30.0,687.4,179.0,1025.5,104.5,-3.23,8.9
2318,1,Bollard,0.459,906.6,797.5,1037.5,1446.1,972.1,3.2,6.39
2318,2,Person,0.11,30.8,647.2,159.6,1007.3,95.2,-3.29,9.0
2319,1,Bollard,0.169,920.0,774.3,1043.4,1447.8,981.7,3.27,6.38
2352,1,Bollard,0.133,570.3,683.4,711.6,1129.6,640.9,0.75,8.28
2360,1,Bollard,0.102,635.8,733.0,798.8,1219.1,717.3,1.31,7.74
2408,1,Person,0.113,403.4,688.0,495.3,879.9,449.4,-0.67,9.76
2442,1,Person,0.111,343.0,680.9,431.3,880.1,387.2,-1.13,9.76
2458,1,Person,0.212,305.8,626.3,382.0,786.5,343.9,-1.45,10.32
2467,1,Bollard,0.239,897.2,789.7,1041.7,1319.2,969.4,3.18,7.15
2468,1,Bollard,0.169,890.9,821.3,1042.1,1345.1,966.5,3.16,6.99
2469,1,Bollard,0.137,910.0,820.2,1039.2,1345.8,974.6,3.22,6.99
2470,1,Bollard,0.166,918.4,799.5,1039.4,1351.9,978.9,3.25,6.95
2545,1,Person,0.173,195.0,623.5,295.2,826.2,245.1,-2.18,10.08
2548,1,Kickboard,0.114,497.5,661.5,755.3,1108.4,626.4,0.64,8.4
2558,1,Kickboard,0.173,499.9,698.4,749.5,1121.1,624.7,0.63,8.33
2559,1,Kickboard,0.129,498.6,702.9,745.7,1119.2,622.2,0.61,8.34
2562,1,Kickboard,0.114,455.2,698.4,722.1,1159.5,588.6,0.36,8.1
2565,1,Kickboard,0.222,455.7,667.3,716.2,1164.7,585.9,0.34,8.07
2567,1,Person,0.219,95.0,547.1,223.8,830.3,159.4,-2.82,10.06
2568,1,Kickboard,0.104,469.4,679.2,709.6,1161.7,589.5,0.37,8.09
2572,1,Kickboard,0.158,457.7,672.0,715.8,1167.9,586.8,0.35,8.05
2573,1,Kickboard,0.351,441.5,686.5,710.5,1181.1,576.0,0.27,7.97
2574,241,Kickboard,0.503,435.6,682.4,718.7,1203.0,577.2,0.28,7.84
2575,241,Kickboard,0.375,439.9,676.0,725.4,1201.5,582.6,0.32,7.85
2576,241,Kickboard,0.318,445.4,639.4,737.3,1177.9,591.3,0.38,7.99
2577,1,Kickboard,0.181,451.4,610.0,725.6,1154.1,588.5,0.36,8.13
2578,1,Kickboard,0.197,467.1,620.5,738.2,1168.4,602.6,0.46,8.05
2579,241,Kickboard,0.287,450.9,657.2,734.6,1181.3,592.7,0.39,7.97
2580,241,Kickboard,0.386,450.5,656.9,741.8,1194.2,596.1,0.42,7.89
2581,241,Kickboard,0.522,455.6,669.9,746.0,1204.4,600.8,0.45,7.83
2582,241,Kickboard,0.554,460.5,664.8,755.1,1209.2,607.8,0.5,7.8
2583,241,Kickboard,0.668,468.7,663.8,763.5,1211.1,616.1,0.56,7.79
2584,241,Kickboard,0.587,470.7,667.4,765.7,1215.1,618.2,0.58,7.77
2585,241,Kickboard,0.244,472.3,668.3,767.4,1217.0,619.8,0.59,7.76
2586,241,Kickboard,0.282,470.1,656.8,766.7,1215.8,618.4,0.58,7.76
2587,241,Kickboard,0.537,478.3,641.4,783.6,1217.9,630.9,0.67,7.75
2588,241,Kickboard,0.709,483.0,633.3,797.1,1226.7,640.1,0.74,7.7
2589,241,Kickboard,0.606,486.6,647.7,797.3,1234.7,641.9,0.75,7.65
2590,241,Kickboard,0.644,487.4,639.1,808.3,1248.6,647.9,0.8,7.57
2591,241,Kickboard,0.457,484.4,634.6,813.2,1264.0,648.8,0.81,7.48
2592,241,Kickboard,0.599,481.5,640.6,813.5,1278.9,647.5,0.8,7.39
2593,1,Kickboard,0.155,490.5,660.5,795.8,1297.6,643.2,0.76,7.28
2594,1,Kickboard,0.214,498.3,647.1,816.8,1299.8,657.5,0.87,7.26
2594,2,Person,0.167,64.4,476.5,226.6,867.9,145.5,-2.92,9.83
2595,1,Kickboard,0.135,495.7,656.2,817.8,1296.1,656.8,0.87,7.29
2596,1,Kickboard,0.131,487.8,666.3,791.0,1281.1,639.4,0.74,7.37
2597,1,Kickboard,0.19,496.5,638.8,800.8,1278.4,648.7,0.8,7.39
2598,1,Kickboard,0.126,540.5,609.6,822.6,1282.8,681.5,1.05,7.36
2601,1,Kickboard,0.158,525.5,661.5,832.8,1331.2,679.2,1.03,7.08
2602,241,Kickboard,0.526,499.1,658.8,850.9,1342.6,675.0,1.0,7.01
2603,241,Kickboard,0.552,498.3,661.8,849.9,1350.6,674.1,0.99,6.96
2604,241,Kickboard,0.479,500.2,658.3,851.4,1355.4,675.8,1.01,6.93
2605,1,Person,0.105,31.4,423.9,187.8,878.1,109.6,-3.19,9.77
2606,1,Person,0.107,30.7,443.3,182.4,887.5,106.6,-3.21,9.72
2607,1,Person,0.107,28.0,442.9,169.7,896.2,98.8,-3.27,9.67
2608,1,Person,0.2,28.3,456.8,174.7,906.1,101.5,-3.25,9.61
2609,1,Bike,0.125,531.7,651.5,845.4,1428.6,688.5,1.1,6.5
2610,1,Bike,0.136,544.0,658.5,831.7,1434.0,687.9,1.1,6.46
2611,1,Bike,0.133,538.9,638.9,846.6,1453.0,692.8,1.13,6.35
2719,1,Person,0.104,398.2,319.6,512.1,587.4,455.2,-0.63,11.5
2747,1,Person,0.263,214.0,415.5,339.6,733.5,276.8,-1.95,10.63
2748,1,Person,0.136,217.7,425.1,328.5,747.0,273.1,-1.98,10.55
2749,1,Person,0.128,221.5,461.2,328.7,748.5,275.1,-1.96,10.54
2750,1,Person,0.119,225.7,412.8,352.9,742.5,289.3,-1.86,10.58
2751,1,Bollard,0.164,626.1,730.6,842.6,1651.3,734.4,1.44,5.17
2757,1,Bollard,0.103,529.6,208.1,943.4,1709.8,736.5,1.46,4.82
2759,1,Bollard,0.118,160.8,470.5,267.9,737.5,214.4,-2.41,10.61
2762,1,Bollard,0.194,495.7,791.0,808.0,1713.9,651.9,0.83,4.8
2763,1,Bollard,0.108,481.6,649.5,794.8,1718.5,638.2,0.73,4.77
2842,1,Stairs,0.195,224.7,950.0,1050.5,1395.1,637.6,0.72,6.7
2879,1,Person,0.28,301.0,271.4,510.6,816.5,405.8,-0.99,10.14
2887,1,Person,0.334,341.1,356.4,534.8,825.1,437.9,-0.76,10.09
2888,247,Person,0.581,340.4,365.8,529.8,824.2,435.1,-0.78,10.09
2889,247,Person,0.368,340.4,361.2,527.1,812.4,433.8,-0.79,10.16
2894,247,Person,0.106,303.6,363.8,484.5,798.5,394.1,-1.08,10.25
2895,247,Person,0.126,283.3,357.7,462.4,786.6,372.8,-1.24,10.32
2896,247,Person,0.259,275.2,352.0,453.1,775.2,364.1,-1.3,10.39
2897,247,Person,0.101,269.5,347.4,443.9,758.4,356.7,-1.36,10.49
2899,1,Person,0.215,281.2,320.7,451.3,725.8,366.2,-1.29,10.68
2900,1,Person,0.264,298.3,329.4,446.9,726.2,372.6,-1.24,10.68
2901,249,Person,0.379,301.4,333.0,451.4,733.2,376.4,-1.21,10.64
2902,249,Person,0.275,313.1,350.5,459.8,740.3,386.4,-1.14,10.59
2903,249,Person,0.65,320.7,363.6,464.0,743.4,392.4,-1.09,10.57
2904,249,Person,0.725,326.3,366.5,468.4,741.4,397.4,-1.06,10.59
2905,249,Person,0.555,330.1,360.6,474.9,741.0,402.5,-1.02,10.59
2906,249,Person,0.36,339.6,339.6,489.8,731.2,414.7,-0.93,10.65
2907,249,Person,0.585,353.8,335.3,499.2,711.3,426.5,-0.84,10.77
2908,249,Person,0.59,374.0,332.4,515.8,696.4,444.9,-0.7,10.85
2909,249,Person,0.666,391.8,328.1,533.2,687.0,462.5,-0.57,10.91
2910,249,Person,0.706,416.4,334.0,554.0,679.2,485.2,-0.41,10.96
2911,249,Person,0.781,444.1,330.0,581.2,670.4,512.7,-0.2,11.01
2912,249,Person,0.531,464.1,320.9,602.9,662.3,533.5,-0.05,11.06
2913,249,Person,0.612,480.6,309.5,623.0,657.7,551.8,0.09,11.09
2914,249,Person,0.55,500.3,290.0,647.7,648.7,574.0,0.25,11.14
2915,249,Person,0.311,522.8,281.1,669.8,635.7,596.3,0.42,11.22
2925,1,Bollard,0.553,229.2,767.9,398.1,1216.9,313.6,-1.68,7.76
2925,2,Person,0.243,661.9,256.3,806.2,561.4,734.1,1.44,11.66
2925,3,Bollard,0.227,94.3,881.3,241.2,1230.5,167.7,-2.76,7.68
2926,250,Bollard,0.726,264.1,781.9,406.9,1160.6,335.5,-1.51,8.09
2926,252,Bollard,0.482,82.2,834.5,257.6,1252.2,169.9,-2.74,7.55
2927,250,Bollard,0.488,285.8,777.9,420.0,1129.4,352.9,-1.39,8.28
2927,252,Bollard,0.463,77.9,806.8,264.5,1252.8,171.2,-2.73,7.54
2930,252,Bollard,0.793,108.2,750.3,305.0,1221.5,206.6,-2.47,7.73
2931,252,Bollard,0.777,129.4,727.3,325.7,1199.5,227.6,-2.31,7.86
2932,252,Bollard,0.669,144.0,699.8,341.1,1177.1,242.6,-2.2,7.99
2941,1,Bollard,0.46,285.2,427.8,455.9,888.9,370.6,-1.25,9.71
2942,253,Bollard,0.595,285.9,425.2,456.2,885.2,371.1,-1.25,9.73
2943,253,Bollard,0.744,291.8,441.8,456.3,885.8,374.1,-1.23,9.73
2944,253,Bollard,0.595,283.6,443.5,450.5,894.0,367.0,-1.28,9.68
2946,253,Bollard,0.131,266.7,439.7,429.1,877.3,347.9,-1.42,9.78
2960,1,Stairs,0.135,153.0,783.2,1039.9,1388.8,596.4,0.42,6.73
2961,1,Stairs,0.13,180.7,765.1,1038.4,1373.9,609.6,0.52,6.82
2962,1,Stairs,0.112,158.1,764.2,1036.8,1375.0,597.5,0.43,6.82
